closing,createTime,date,imageKind,issue,issueID,meetingURL,nameOfHouse,nameOfMeeting,pdfURL,searchObject,session,speaker,speakerGroup,speakerPosition,speakerRole,speakerYomi,speech,speechID,speechOrder,speechURL,startPage,updateTime
,,2025-11-21,会議録,第2号,121915382X00220251121,https://kokkai.ndl.go.jp/txt/121915382X00220251121,参議院,沖縄・北方問題及び地方に関する特別委員会,,5,219,黄川田仁志,自由民主党・無所属の会,内閣府特命担当大臣（沖縄及び北方対策・消費者及び食品安全・こども政策・少子化対策・若者活躍・男女共同参画・地方創生・アイヌ施策・共生・共助）,,きかわだひとし,"○国務大臣（黄川田仁志君）　沖縄及び北方対策を担当する内閣府特命担当大臣として、一言御挨拶を申し上げます。
　昭和四十七年の本土復帰以降、政府においては、沖縄の特殊事情に鑑み、多岐にわたる振興策に取り組んでまいりました。これらと沖縄県民のたゆまぬ努力が相まって、県内総生産や就業者数が全国を上回る伸びを示すなど、沖縄振興は着実に成果を挙げております。
　しかしながら、全国最下位の一人当たり県民所得や深刻な子供の貧困など、なお解決すべき課題が存在しています。
　一方で、沖縄は、東アジアの中心に位置する地理的特性や日本一高い出生率など、他県にはない優位性、潜在力を有しており、これらも活かしながら、強い沖縄経済の実現に向けて、沖縄振興策を国家戦略として総合的、積極的に推進していく決意です。
　こうした観点から、令和八年度沖縄振興予算の概算要求においては、沖縄の更なる自立的発展に向け、観光・リゾート、農水産業・加工品、ＩＴ関連産業、科学技術・産学連携の特に強化すべき四つの分野において、民間事業者等の取組を支援するとともに、地元の経済界や自治体による将来の基地返還跡地と那覇空港との一体的な利用を目指す構想であるゲートウェイ二〇五〇プロジェクツの早期実現に向けた取組の一環として、基地跡地の先行取得等を強力に推進するなど、各事業の所要額を積み上げた結果、総額二千八百二十九億円を計上しています。
　沖縄のリーディング産業である観光産業については、一括交付金等により各種取組を支援してきたこともあり、令和六年度の観光収入と国内観光客数が共に二年連続で過去最高を記録しております。引き続き、観光産業や農林水産業を始めとした各種産業の振興、高付加価値化、そしてそれを支える人材育成の取組を支援してまいります。
　また、県民生活や産業を支える道路、港湾等の社会資本整備を進めてまいります。首里城については、令和八年秋の正殿の復元に向け、着実に工事を進めてまいります。沖縄科学技術大学院大学、ＯＩＳＴについては、世界最高水準の研究力の強化や、更なるスタートアップ創出に向けた取組を支援してまいります。
　さらに、子供の貧困対策、ウエルビーイング実現に向けた取組をしっかりと進めるとともに、世界自然遺産に登録された豊かな自然環境など、多様な魅力を有する北部地域や、海洋環境の保全等の重要な役割を担い、特色ある歴史や文化を持つ離島地域の振興にも力を尽くしてまいります。
　沖縄には、今なお多くの在日米軍専用施設・区域が存在し、県民に大きな負担を掛けています。引き続き、沖縄の皆様の理解を得る努力を続けながら、沖縄の基地負担軽減に取り組むことが政府の方針です。特に、住宅や学校に囲まれ、市街地に位置する普天間飛行場については、一日も早い全面返還の実現に向けて、政府として取り組むこととしております。
　また、基地跡地の利用は、今後の沖縄振興の観点から極めて重要な課題であり、跡地利用の推進のため、引き続き必要な措置を講じてまいります。
　次に、北方領土問題について申し上げます。
　北方領土は、我が国が主権を有する島々であり、我が国固有の領土です。この我が国の立場に何ら変わりはありません。ロシアによるウクライナ侵略により日ロ関係は引き続き厳しい状況にありますが、北方領土問題を解決して平和条約を締結することが日本政府の方針です。
　また、北方墓参を始めとする北方四島交流等の事業の再開は、日ロ関係における最優先事項の一つです。政府として、ロシア側に対し、今は特に北方墓参に重点を置いて、事業の再開を引き続き強く求めていきます。私自身、令和元年に四島交流事業に参加し北方領土の地を踏んだ者として、令和二年度から事業が実施できていない状況が続いていることについて、胸を締め付けられる思いを抱いています。御高齢となられた元島民の方々の切実なお気持ちに何とかお応えしたいという考えにいささかも変わりはなく、事業が再開可能な状況となった際には速やかに実施できるよう、しっかりと準備を整えてまいります。
　また、このような状況だからこそ、国民世論の高まりが北方領土問題の解決に向けて重要であると考えています。そのため、多くの国民、とりわけ次の代を担う若い世代の関心を喚起し、理解を促進していくことが重要であり、船舶「えとぴりか」の啓発事業への活用など、引き続き、国民世論の啓発等に着実に取り組んでまいります。
　さらに、元島民の方々への援護についても、引き続き、後継者の育成支援等に努めてまいります。
　本年十一月、担当大臣として北方領土隣接地域を訪問し、元島民の方々の切実な思いを改めて伺い、北方領土問題の解決に向けて、力の限り取り組んでいく決意を新たにしました。この決意を胸に刻み、粘り強く取組を進めてまいります。
　横沢委員長を始め、理事、委員各位の御理解と御協力をお願い申し上げます。",121915382X00220251121_005,5,https://kokkai.ndl.go.jp/txt/121915382X00220251121/5,0,
,,2025-11-19,会議録,第2号,121915384X00220251119,https://kokkai.ndl.go.jp/txt/121915384X00220251119,参議院,災害対策及び東日本大震災復興特別委員会,,7,219,牧野たかお,自由民主党,復興大臣,,まきのたかお,"○国務大臣（牧野たかお君）　復興大臣及び福島原発事故再生総括担当大臣を拝命しております牧野たかおでございます。
　災害対策及び東日本大震災復興特別委員会の開催に当たり、復興大臣として所信を申し上げます。
　東日本大震災の発災、そして東京電力福島第一原子力発電所の事故から十四年と八か月以上が経過いたしました。震災によって亡くなられた方々に改めて心から哀悼の誠をささげますとともに、御遺族の方々や被害に遭われた全ての方々に心からお見舞いを申し上げます。
　復興大臣就任以降、被災地を訪問させていただき、被災三県の知事や地元市町村長の皆様とお話をし、また、復興の現場を視察してまいりました。
　その中で、震災からの復興は、被災地の方々の御努力、また関係者の御尽力により着実に進んでいる一方で、地域によって状況は様々であり、それぞれの状況に応じたきめ細やかな対応が必要であるということを強く実感しております。
　復興に向けた様々な課題について、まずは令和八年度からの第三期復興・創生期間で何としても解決していくという強い決意で、総力を挙げて取り組んでまいります。
　まず、原子力災害被災地域について申し上げます。
　復興の歩みは着実に進んできた一方で、いまだに多くの帰還困難区域を抱える市町村もあり、避難指示解除の時期の違いによって復興の状況はそれぞれ異なっていることから、復興のステージに応じて、帰還、移住の促進、産業、なりわいの再生など、多様なニーズに対応していくことが必要です。
　引き続き、国が前面に立って、復興再生に全力を尽くしてまいります。
　具体的な取組について申し上げます。
　先週末、東京電力福島第一原子力発電所を視察いたしました。
　廃炉に関しては、二回目となる燃料デブリの試験的取り出しの成功や、大規模取り出しに向けた工程の一部具体化など、重要な前進が見られたと受け止めております。引き続き、東京電力には、緊張感を持って安全確保に万全を期すとともに、地域の共生に向けた取組を進めていただきたいと考えております。
　また、ＡＬＰＳ処理水の海洋放出に関しては、これまでのモニタリングの結果や国際原子力機関による評価から、安全であることが確認されているものと承知しております。政府としてＡＬＰＳ処理水の処分が完了するまで全責任を持って取り組むという方針の下、引き続き、風評対策を中心に、正確で分かりやすい情報や地域の魅力を国内外へ積極的に発信してまいります。
　また、福島県内で発生した除去土壌等についてでありますが、中間貯蔵開始後三十年以内に福島県外で最終処分するという方針は法律に規定された国の責務です。
　この実現に向けては、復興再生利用等によって最終処分量を低減することが重要です。
　本年八月には閣僚会議において当面五年間のロードマップが決定されたところであり、これに基づき、復興再生利用の推進、県外最終処分に向けた検討、理解醸成、リスクコミュニケーションについて、環境省を始めとする関係府省庁と緊密に連携し、対応してまいります。
　次に、帰還困難区域及び避難指示が解除された地域に関する取組についてであります。
　帰還困難区域について、たとえ長い年月を要するとしても、将来的に帰還困難区域の全てを避難指示解除し、復興再生に責任を持って取り組むとの決意に揺らぎはありません。
　既に全ての避難指示が解除されている特定復興再生拠点区域については、引き続き、医療、介護、買物、教育等の生活環境整備などの取組を通じ、帰還、移住の促進、交流人口、関係人口の拡大等を行ってまいります。
　また、拠点区域外に関しても、二〇二〇年代をかけて、帰還意向のある住民の方々が全員帰還できるよう、特定帰還居住区域制度に基づく除染やインフラ整備等の避難指示解除に向けた取組を関係省庁と連携しながらしっかり進めてまいります。
　次に、福島国際研究教育機構、いわゆるＦ―ＲＥＩに関しては、福島を始め東北の復興を実現するための夢や希望となるとともに、我が国の科学技術力、産業競争力の強化を牽引する、世界に冠たる創造的復興の中核拠点を目指すものであります。
　令和五年四月に設立されて以降、ロボットや農林水産業など五つの研究分野で委託研究を進めるとともに、十五の研究グループを立ち上げ、研究体制の構築を進めてきたところであります。また、福島の高校での出前授業を始めとした人材育成の取組等を推進しております。
　さらに、施設整備については、本年春に敷地造成に本格的に着手したところであり、引き続き各工程を着実に進めることにより、令和十二年度までの順次供用開始を目指すとともに、まずは本部施設棟の令和十年度完成を目指すなど、可能な限りの前倒しに努めてまいります。
　引き続き、Ｆ―ＲＥＩの取組を、関係大臣と連携しながら、政府一丸となって支えてまいります。
　次に、福島イノベーション・コースト構想に関しては、地域における実証の支援など、福島浜通り地域等の新たな産業基盤の構築に向けた取組への支援を進めてまいります。そのため、本年六月に、福島イノベーション・コースト構想を基軸とした産業発展の青写真を改定したところであります。地域の稼ぎ、日々の暮らし、担い手の拡大の三つの視点を新たに加え、実証の聖地として産業集積、サプライチェーン構築の具体化を進めるとともに、暮らしを支えるイノベーションを創出し、社会課題の解決を図ってまいります。
　地震・津波被災地域については、ハード整備や住まいと町の復興を始め、かなり復興が進んでおりますが、その一方で、心のケアや被災された子供に対する支援など、中長期的な対応が必要となる課題もあります。こうした課題については、政府全体の施策を活用することなどにより、第二期復興・創生期間の後も引き続き必要な支援が行えるよう、関係省庁や地方公共団体と連携して、丁寧に取組を進めてまいります。
　東日本大震災の記憶と教訓を後世に受け継いでいくことも重要です。
　復興庁としては、令和六年能登半島地震を始め、今後の大規模災害からの復興に生かせるよう、これまでに蓄積された復興に係る知見の収集、提供を進めてまいります。
　なお、本年五月の大阪・関西万博における復興庁の展示には、およそ四万八千人の方々に足を運んでいただき、多くの方々に被災地に関心を持っていただく機会になったと考えております。
　来年度から第三期復興・創生期間が始まるこの重要な時期に、復興の司令塔たる復興大臣の重責を担っていることに対して、まさに身の引き締まる思いであります。
　福島の復興なくして東北の復興なし、東北の復興なくして日本の再生なし。この強い決意の下、これまでの歴代の政権の方針を踏襲して、現場主義を徹底し、被災地の方々の思いを受け止め、東日本大震災からの復興に全力で取り組んでまいります。
　下野委員長を始め、理事及び委員各位の御理解と御指導をよろしくお願い申し上げます。",121915384X00220251119_007,7,https://kokkai.ndl.go.jp/txt/121915384X00220251119/7,0,
,,2025-11-18,会議録,第2号,121903815X00220251118,https://kokkai.ndl.go.jp/txt/121903815X00220251118,衆議院,安全保障委員会,,8,219,東国幹,自由民主党・無所属の会,,,あずまくによし,○東（国）委員　そこで、我が国としても対ＧＤＰ比二％水準を目指すということでありますけれども、その中において、二％といっても、私がちょっと注目したいのは、補完的な取組、そういう予算枠があるんですよね。これは、御承知のとおり、防衛予算ではないかもしれないけれども、科学技術の発展であるとか海上保安庁であるとかあるいは防衛に資する予算として、高規格道路もある、港湾の整備もある、空港の整備もある、即応機動体制といって、北から南へ、南から北へ部隊を移動するにしても民間の飛行機を使い、民間の船舶を使い、そして公共インフラを使う、そういうことになっているものですから、防衛予算ではないかもしれないけれども各省庁の予算でそれをあてがわれるということでありますけれども、公共インフラに関しての整備、その考え方について、今後をちょっとお伺いしたいと思います。,121903815X00220251118_008,8,https://kokkai.ndl.go.jp/txt/121903815X00220251118/8,0,
,,2025-11-18,会議録,第1号,121915104X00120251118,https://kokkai.ndl.go.jp/txt/121915104X00120251118,参議院,文教科学委員会,,5,219,熊谷裕人,立憲民主・社民・無所属,,,くまがいひろと,"○委員長（熊谷裕人君）　国政調査に関する件についてお諮りいたします。
　本委員会は、今期国会におきましても、教育、文化、スポーツ、学術及び科学技術に関する調査を行いたいと存じますが、御異議ございませんか。
　　　〔「異議なし」と呼ぶ者あり〕",121915104X00120251118_005,5,https://kokkai.ndl.go.jp/txt/121915104X00120251118/5,0,
,,2025-11-18,会議録,第1号,121915104X00120251118,https://kokkai.ndl.go.jp/txt/121915104X00120251118,参議院,文教科学委員会,,8,219,松本洋平,自由民主党・無所属の会,文部科学大臣,,まつもとようへい,"○国務大臣（松本洋平君）　文部科学大臣の松本洋平です。
　今後とも、熊谷委員長を始め、理事、委員の皆様方の御指導、御鞭撻を賜りますよう、よろしくお願いを申し上げます。
　第二百十九回国会において各般の課題を御審議いただくに当たり、御挨拶を申し上げます。
　今、我が国は、将来の予測が困難な激動の時代にあります。また、少子高齢化、国際情勢の変化やグローバル化の進展など、社会課題も山積しています。
　こうした中、文部科学省が担う教育、科学技術・学術、スポーツ、文化芸術は、全ての政策の根底にある人間の力を育み、豊かな未来をつくる根幹として重要な役割を果たします。
　文部科学大臣として、一人一人が未来に希望を持てる社会を形成していけるよう、文部科学行政を着実に前に進めてまいります。
　教育は、国家、社会の礎であり、発展の原動力です。誰しもが最適な教育を受けることができるよう、公教育の再生を始めとする教育の振興に全力を挙げてまいります。
　子供たちが学ぶ教育の質を高めることは重要です。
　これからの時代にふさわしい次期学習指導要領等の在り方について、より質の高い、深い学びを実現するとともに、多様な子供たちを包摂するため、中央教育審議会等での丁寧な検討を進めます。
　個別最適な学びと協働的な学びの一体的な充実や、教職員の負担軽減に向け、ＧＩＧＡスクール構想の更なる推進は必要不可欠です。端末更新やネットワーク環境の改善、校務ＤＸの加速化、現場の実態に即したデジタル教科書の活用などを進めます。
　あわせて、デジタル・グローバル人材や地域の経済成長を担う人材育成を抜本的に強化するため、ＤＸハイスクール事業等を通じた探究的、文理横断的、実践的な学びや、ＡＩの活用、地域の魅力発信等を通じた英語教育などを推進します。
　グローバル化の進展を踏まえ、日本語教育機関認定制度の着実な実施、日本人学校等の機能強化、人的交流、日本型教育の海外展開等を推進いたします。
　幼児教育も重要であり、全ての子供が質の高い幼児教育を受けられるよう取り組みます。
　不登校児童生徒数やいじめ重大事態の発生件数、小中高生の自殺者数は過去最多となるなど、極めて憂慮すべき状況が継続しています。関係省庁と連携し、より一層対策を推進します。
　障害のある子供たち、貧困や虐待などの困難を抱える子供たち、夜間中学での学びを必要としている方など、多様な背景を有する方が安心、安全に学ぶことのできる環境を整備します。
　教育は未来を形作る大変尊い仕事であり、その要は教師です。改正給特法なども踏まえ、教育の担い手である教職員が安心して本務に集中できる環境づくりに向け、学校における働き方改革、学校の指導、運営体制の充実、処遇の改善を総合的に進めます。
　また、中央教育審議会の議論も踏まえながら、質の高い教職員集団の形成を含めた、教師の養成、採用、研修の一体的な改革を進めます。
　教師による児童生徒への性暴力等は決して許されません。教員性暴力等防止法やこども性暴力防止法等を踏まえ、関係機関との連携も含めた厳正な取組や生命の安全教育を推進します。
　学校の地域、家庭との連携、協働も必要不可欠です。コミュニティ・スクールの導入を加速し、社会教育改革の推進や、部活動の地域展開、連携の全国実施を進めます。学校施設についても、教育環境の向上と老朽化対策を一体的に進めます。
　誰一人取り残されることなく、子供たちの学びの機会を確保することは、文部科学省の使命です。
　経済状況によらず、質の高い教育にアクセスできるよう、教育の質の向上と併せて、教育費の負担軽減を切れ目なく行います。
　いわゆる高校無償化に係る対応については、具体的な制度設計の検討等を進め、高校教育改革とともに、その実現に向けて取り組んでまいります。いわゆる給食無償化については、三党間での合意等を踏まえ、適切に対応してまいります。高等教育費については、本年度から実施している授業料等無償化の多子世帯への拡充を着実に進めるとともに、引き続き、負担軽減、支援の拡充に取り組みます。
　高等教育は、新しい知的、文化的、社会的価値を生み出し、社会構造の変化に応じた人材を育成する使命を担っています。
　この使命を果たすため、知の総和答申等を踏まえ、教育研究の質の高度化、高等教育全体の規模の適正化、高等教育へのアクセス確保を図ります。
　国際的にも高い理数系のリテラシーを持つ子供たちが、理系離れを起こすことなく、高等教育段階においても適性や関心に応じて学べる環境を確保するとともに、人材需給ギャップを解消すべく、文理分断型の学びからの脱却、高等教育の構造改革を目指します。
　あわせて、地域のニーズも踏まえた関係者の対話の場である地域構想推進プラットフォーム構築への支援、大学における成長分野への学部等転換、高等専門学校の新設支援、大学や高等専門学校の高度化、国際化、産学官が連携したリスキリングの機会や専修学校教育の充実に取り組みます。
　また、物価、人件費の上昇等も踏まえ、国立大学法人運営費交付金や施設整備費補助金、私学助成等の基盤的経費の安定的な確保や、大学病院の機能強化と経営支援を通じ、改革の基盤を支えます。
　こうした高校、大学、大学院を通じた一体的な改革などについて、私の下に新たに設置した人材育成システム改革推進タスクフォースにおいて議論を進めてまいります。
　科学技術・イノベーションは、国内外の社会課題の解決に貢献し、持続可能で強靱な社会を構築する源泉です。第六期科学技術・イノベーション基本計画を着実に推進するとともに、科学の再興を通じた新技術立国の実現など、第七期基本計画に向けた検討を進め、国民に夢と希望を与え、生活を豊かにすべく、関連する施策を総動員してまいります。
　先日、我が国の研究者がノーベル生理学・医学賞、ノーベル化学賞を受賞されました。今回の受賞は、我が国の研究水準を改めて世界に示すものであり、今後も、優れた科学技術・イノベーションの成果が創出されるよう、基礎研究の支援を含め多様な支援を継続して行います。
　我が国の研究力の向上に向け、基盤的経費に加え、科研費などの競争的研究費の確保に努めるとともに、国際卓越研究大学や地域の中核となる大学、特色ある研究大学等への支援を推進します。また、産学官連携拠点の形成やスタートアップ創出支援、アントレプレナーシップ教育の充実等を通じ、研究成果の社会実装を図ります。
　博士課程学生、若手研究者、研究開発マネジメント人材など、科学技術人材に対する官民投資の充実に取り組みます。
　大型放射光施設ＳＰｒｉｎｇ８の高度化、「富岳」の次世代機の開発、整備を始め、先端大型研究施設の整備、共用、高度化を推進するとともに、論文等のオープンアクセス化や大学等における研究環境の刷新を進めます。また、先進国、ＡＳＥＡＮ、インド等との国際頭脳循環に向けた取組を推進します。
　ＡＩ・フォー・サイエンスによる科学研究の革新に向けた取組を推進するとともに、マテリアル、ライフサイエンス、量子技術、フュージョンエネルギー等、国家戦略を踏まえた重要分野の研究開発を戦略的に進めます。
　宇宙・航空分野は、フロンティア研究、新産業やイノベーションの創出、安全保障の観点からも重要です。日本人初の月面着陸を目指すアルテミス計画への参画、基幹ロケットの開発、宇宙戦略基金による先端技術への支援等を進めます。海洋・極域分野では、北極域研究船みらいⅡの就航に向けた着実な建造を含む研究開発を推進します。また、地震津波火山観測網の整備、運用や、火山調査研究推進本部における調査研究など、地震・火山・防災分野の研究開発や人材育成を推進します。
　さらに、革新的なＧＸ技術に関する研究開発、ＩＴＥＲ計画、ＢＡ活動等のフュージョンエネルギーに関する研究開発、高速実験炉「常陽」等の原子力科学技術に関する研究開発、「もんじゅ」等の安全、着実かつ計画的な廃止措置等、世界をリードする研究開発や人材育成を推進します。また、関係府省と連携し、科学技術分野における経済安全保障に資する取組を進めます。
　スポーツには、国民の人生を豊かにし、社会に活力を生み出す力があります。改正スポーツ基本法、第三期スポーツ基本計画に基づく施策を推進し、スポーツ立国の実現を目指します。
　ミラノ・コルティナ二〇二六大会等に向けた国際競技力の向上、スポーツインテグリティーの確保、学校体育の充実や地域におけるスポーツ環境整備を推進します。
　また、東京二〇二五デフリンピック競技大会、二〇二六年アジア・アジアパラ競技大会等の開催支援や、スポーツを通じ、地域、経済の活性化、健康増進、共生社会の実現にも尽力します。
　文化芸術は、人々の創造性を育み、心豊かな活力ある社会の形成に寄与します。文化芸術推進基本計画に基づき、伝統的な文化芸術を継承、発展させ、新たな文化芸術の創造を促進するとともに、文化庁の京都移転を契機とした地方創生や、文化芸術と経済の好循環を加速し、文化芸術立国を実現します。我が国が誇る豊かな文化資源は、各地域において長きにわたり受け継がれてきた国民的財産です。こうした文化資源の持続可能な保存、継承体制を構築するとともに、日本遺産等の地域の文化資源を磨き上げ、日本博の新たな展開の検討、食文化等の生活文化振興等を通じた文化観光の推進と地域文化の振興に取り組みます。コンテンツ産業について、政府目標である二〇三三年までに海外売上高を二十兆円とすることを見据えて、関係省庁と連携しつつ、クリエーターの育成支援等を推進します。
　我が国の文化芸術の顔である国立劇場については、国が責任を持って早急に再整備を進めるとともに、メディア芸術ナショナルセンターの機能を有する拠点整備を推進します。また、ＤＸ時代の著作権施策の推進、方言の保存、継承や文字・活字文化の振興、子供や障害者の文化芸術体験の機会充実を進めます。
　旧統一教会の解散命令請求に係る裁判の審理等に万全を期すとともに、特定不法行為等被害者特例法の円滑な執行や被害者の救済に最大限努力します。また、不活動宗教法人対策を徹底してまいります。
　東日本大震災や能登半島地震などの災害の経験は、決して忘れてはなりません。文部科学省としては、被災者に寄り添い、子供たちの心のケアや学校再開、文化財の復旧、原子力損害賠償の着実な実施等に全力で取り組んでまいります。また、避難所ともなる体育館への空調整備など、学校施設の防災機能強化の推進や、被災地学び支援派遣等枠組み、Ｄ―ＥＳＴの充実を図ります。
　文部科学行政を前に進める力の源泉は、現場にこそあります。様々な声に耳を傾けながら、現場主義を徹底し、未来への希望を実感できる社会となるよう、必要とされる政策を全力で実行してまいります。国会におきましても、皆様方の御理解が得られるよう、丁寧に、真摯に対応してまいります。引き続き、関係各位の御指導、御鞭撻のほど、よろしくお願いを申し上げます。",121915104X00120251118_008,8,https://kokkai.ndl.go.jp/txt/121915104X00120251118/8,0,
,,2025-11-18,会議録,第1号,121915104X00120251118,https://kokkai.ndl.go.jp/txt/121915104X00120251118,参議院,文教科学委員会,,12,219,小林茂樹,自由民主党・無所属の会,文部科学副大臣,,こばやししげき,"○副大臣（小林茂樹君）　文部科学副大臣の小林茂樹でございます。
　松本大臣をよく補佐し、日本の更なる成長の原動力となる科学技術、イノベーションの推進、文化芸術立国の実現に全力を尽くしてまいります。
　今後とも、熊谷委員長を始め、理事、委員の皆様方の御指導、御鞭撻を賜りますよう、よろしくお願い申し上げます。",121915104X00120251118_012,12,https://kokkai.ndl.go.jp/txt/121915104X00120251118/12,0,
,,2025-11-18,会議録,第1号,121915104X00120251118,https://kokkai.ndl.go.jp/txt/121915104X00120251118,参議院,文教科学委員会,,14,219,清水真人,自由民主党,文部科学大臣政務官・復興大臣政務官,,しみずまさと,"○大臣政務官（清水真人君）　文部科学大臣政務官の清水真人です。
　大臣政務官として、大臣、副大臣とともに科学技術、イノベーションの推進、そしてスポーツの振興に全力で取り組んでまいります。
　今後とも、熊谷委員長を始めとします理事、そしてまた委員の皆様方の御指導、御鞭撻のほど、どうぞよろしくお願い申し上げます。",121915104X00120251118_014,14,https://kokkai.ndl.go.jp/txt/121915104X00120251118/14,0,
,,2025-11-07,会議録,第2号,121905261X00220251107,https://kokkai.ndl.go.jp/txt/121905261X00220251107,衆議院,予算委員会,,0,219,会議録情報,,,,,"令和七年十一月七日（金曜日）
　　　　午前八時五十九分開議
　出席委員
　　　委員長　枝野　幸男君
　　　理事　勝俣　孝明君　理事　齋藤　　健君
　　　理事　笹川　博義君　理事　鳩山　二郎君
　　　理事　今井　雅人君　理事　奥野総一郎君
　　　理事　源馬謙太郎君　理事　奥下　剛光君
　　　理事　長友　慎治君
　　　　　　井出　庸生君　　　　伊藤　達也君
　　　　　　稲田　朋美君　　　　岩屋　　毅君
　　　　　　大岡　敏孝君　　　　大空　幸星君
　　　　　　加藤　勝信君　　　　神田　潤一君
　　　　　　河野　太郎君　　　　高村　正大君
　　　　　　後藤　茂之君　　　　塩崎　彰久君
　　　　　　鈴木　貴子君　　　　平　　将明君
　　　　　　田中　和徳君　　　　谷　　公一君
　　　　　　田畑　裕明君　　　　土屋　品子君
　　　　　　寺田　　稔君　　　　平沢　勝栄君
　　　　　　古川　　康君　　　　本田　太郎君
　　　　　　牧島かれん君　　　　武藤　容治君
　　　　　　安藤じゅん子君　　　　五十嵐えり君
　　　　　　池田　真紀君　　　　井坂　信彦君
　　　　　　市來　伴子君　　　　稲富　修二君
　　　　　　大串　博志君　　　おおつき紅葉君
　　　　　　岡田　克也君　　　　亀井亜紀子君
　　　　　　川内　博史君　　　　黒岩　宇洋君
　　　　　　佐々木ナオミ君　　　　重徳　和彦君
　　　　　　竹内　千春君　　　　中島　克仁君
　　　　　　長妻　　昭君　　　　野間　　健君
　　　　　　本庄　知史君　　　　道下　大樹君
　　　　　　猪口　幸子君　　　　高橋　英明君
　　　　　　萩原　　佳君　　　　福田　　徹君
　　　　　　森ようすけ君　　　　中野　洋昌君
　　　　　　沼崎　満子君　　　　鰐淵　洋子君
　　　　　　櫛渕　万里君　　　　田村　貴昭君
　　　　　　緒方林太郎君
　　　　…………………………………
　　　内閣総理大臣　　　　　　　高市　早苗君
　　　総務大臣　　　　　　　　　林　　芳正君
　　　法務大臣　　　　　　　　　平口　　洋君
　　　外務大臣　　　　　　　　　茂木　敏充君
　　　財務大臣
　　　国務大臣
　　　（金融担当）　　　　　　　片山さつき君
　　　文部科学大臣　　　　　　　松本　洋平君
　　　厚生労働大臣　　　　　　　上野賢一郎君
　　　農林水産大臣　　　　　　　鈴木　憲和君
　　　経済産業大臣
　　　国務大臣
　　　（原子力損害賠償・廃炉等支援機構担当）　　　　　　赤澤　亮正君
　　　国土交通大臣　　　　　　　金子　恭之君
　　　環境大臣
　　　国務大臣
　　　（原子力防災担当）　　　　石原　宏高君
　　　防衛大臣　　　　　　　　　小泉進次郎君
　　　国務大臣
　　　（内閣官房長官）　　　　　木原　　稔君
　　　国務大臣
　　　（デジタル大臣）
　　　（サイバー安全保障担当）　松本　　尚君
　　　国務大臣
　　　（復興大臣）　　　　　　　牧野たかお君
　　　国務大臣
　　　（国家公安委員会委員長）
　　　（防災担当）
　　　（海洋政策担当）　　　　　あかま二郎君
　　　国務大臣
　　　（沖縄及び北方対策担当）
　　　（消費者及び食品安全担当）
　　　（こども政策　少子化対策　若者活躍　男女共同参画担当）
　　　（地方創生担当）
　　　（アイヌ施策担当）
　　　（共生・共助担当）　　　　黄川田仁志君
　　　国務大臣
　　　（経済財政政策担当）
　　　（規制改革担当）　　　　　城内　　実君
　　　国務大臣
　　　（クールジャパン戦略担当）
　　　（知的財産戦略担当）
　　　（科学技術政策担当）
　　　（宇宙政策担当）
　　　（人工知能戦略担当）
　　　（経済安全保障担当）　　　小野田紀美君
　　　財務副大臣　　　　　　　　中谷　真一君
　　　政府特別補佐人
　　　（内閣法制局長官）　　　　岩尾　信行君
　　　政府参考人
　　　（内閣官房内閣審議官）　　中間　秀彦君
　　　政府参考人
　　　（内閣官房内閣審議官）　　市川　道夫君
　　　政府参考人
　　　（内閣官房外国人との秩序ある共生社会推進室室長代理）
　　　（内閣府政策統括官）　　　山野　　徹君
　　　政府参考人
　　　（内閣官房内閣審議官）　　岡　　素彦君
　　　政府参考人
　　　（内閣官房内閣審議官）　　中溝　和孝君
　　　政府参考人
　　　（内閣官房日本成長戦略本部事務局次長）　　　　　　鈴木　恭人君
　　　政府参考人
　　　（内閣府大臣官房審議官）　水田　　豊君
　　　政府参考人
　　　（内閣府政策統括官）　　　阿久澤　孝君
　　　政府参考人
　　　（内閣府知的財産戦略推進事務局長）　　　　　　　　中原　裕彦君
　　　政府参考人
　　　（警察庁刑事局長）　　　　重松　弘教君
　　　政府参考人
　　　（こども家庭庁支援局長）　齊藤　　馨君
　　　政府参考人
　　　（総務省自治行政局長）　　小川　康則君
　　　政府参考人
　　　（総務省自治税務局長）　　寺崎　秀俊君
　　　政府参考人
　　　（法務省矯正局長）　　　　日笠　和彦君
　　　政府参考人
　　　（法務省保護局長）　　　　吉川　　崇君
　　　政府参考人
　　　（出入国在留管理庁次長）　内藤惣一郎君
　　　政府参考人
　　　（外務省大臣官房地球規模課題審議官）　　　　　　　中村　　亮君
　　　政府参考人
　　　（外務省大臣官房参事官）　北郷　恭子君
　　　政府参考人
　　　（外務省総合外交政策局長）　　　　　　　　　　　　有馬　　裕君
　　　政府参考人
　　　（外務省北米局長）　　　　熊谷　直樹君
　　　政府参考人
　　　（外務省経済局長）　　　　股野　元貞君
　　　政府参考人
　　　（外務省国際協力局長）　　石月　英雄君
　　　政府参考人
　　　（厚生労働省労働基準局長）　　　　　　　　　　　　岸本　武史君
　　　政府参考人
　　　（農林水産省大臣官房技術総括審議官）　　　　　　　堺田　輝也君
　　　政府参考人
　　　（林野庁長官）　　　　　　小坂善太郎君
　　　政府参考人
　　　（水産庁長官）　　　　　　藤田　仁司君
　　　政府参考人
　　　（資源エネルギー庁電力・ガス事業部長）　　　　　　久米　　孝君
　　　政府参考人
　　　（国土交通省大臣官房長）　黒田　昌義君
　　　政府参考人
　　　（国土交通省港湾局長）　　安部　　賢君
　　　政府参考人
　　　（防衛省大臣官房審議官）　寺田　広紀君
　　　政府参考人
　　　（防衛省防衛政策局長）　　萬浪　　学君
　　　政府参考人
　　　（防衛省整備計画局長）　　伊藤　晋哉君
　　　政府参考人
　　　（防衛省人事教育局長）　　廣瀬　律子君
　　　政府参考人
　　　（防衛装備庁プロジェクト管理部長）　　　　　　　　家護谷昌徳君
　　　予算委員会専門員　　　　　藤井　宏治君
　　　　―――――――――――――
委員の異動
十一月七日
　辞任　　　　　　　　　補欠選任
　　井出　庸生君　　　　　牧島かれん君
　　岩屋　　毅君　　　　　本田　太郎君
　　神田　潤一君　　　　　鈴木　貴子君
　　塩崎　彰久君　　　　　高村　正大君
　　谷　　公一君　　　　　田畑　裕明君
　　池田　真紀君　　　　　本庄　知史君
　　おおつき紅葉君　　　　安藤じゅん子君
　　道下　大樹君　　　　　中島　克仁君
同日
　辞任　　　　　　　　　補欠選任
　　高村　正大君　　　　　塩崎　彰久君
　　鈴木　貴子君　　　　　神田　潤一君
　　田畑　裕明君　　　　　大岡　敏孝君
　　本田　太郎君　　　　　岩屋　　毅君
　　牧島かれん君　　　　　大空　幸星君
　　安藤じゅん子君　　　　岡田　克也君
　　中島　克仁君　　　　　道下　大樹君
　　本庄　知史君　　　　　市來　伴子君
同日
　辞任　　　　　　　　　補欠選任
　　大岡　敏孝君　　　　　谷　　公一君
　　大空　幸星君　　　　　井出　庸生君
　　市來　伴子君　　　　　池田　真紀君
　　岡田　克也君　　　　　五十嵐えり君
同日
　辞任　　　　　　　　　補欠選任
　　五十嵐えり君　　　　　竹内　千春君
同日
　辞任　　　　　　　　　補欠選任
　　竹内　千春君　　　　　佐々木ナオミ君
同日
　辞任　　　　　　　　　補欠選任
　　佐々木ナオミ君　　　　おおつき紅葉君
　　　　―――――――――――――
本日の会議に付した案件
　政府参考人出頭要求に関する件
　予算の実施状況に関する件
　　　　　――――◇―――――",121905261X00220251107_000,0,https://kokkai.ndl.go.jp/txt/121905261X00220251107/0,0,
,,2025-11-05,会議録,第3号,121915254X00320251105,https://kokkai.ndl.go.jp/txt/121915254X00320251105,参議院,本会議,,2,219,水岡俊一,立憲民主・社民・無所属,,,みずおかしゅんいち,"○水岡俊一君　立憲民主・社民・無所属の水岡俊一です。
　会派を代表して、高市総理に質問いたします。
　まずは、総理御就任おめでとうございます。くれぐれも健康に御留意されながら、職責を全うされますことを心よりお願い申し上げます。
　さて、高市総理は、就任会見、そして所信表明演説で力強い決意を表明されました。しかし、今求められているのは、力強い言葉だけではなく、その言葉と結び付いた誠実な説明であり、政治への信頼回復です。
　自民党の政治家による政治と金の問題が長く続く一方、多くの皆さんが物価高に苦しみ続けている昨今、政治そのものへの信頼はかつてないほど揺らいでいます。この不信を取り除く責任は、まさに自民党総裁である総理御自身にあります。
　どうか総理におかれましては、聞く人が耳を傾けたくなるような言葉をこの国会の場から発していただきたい。
　初めに、高市内閣の政治姿勢について伺います。
　総理は、いわゆる裏金議員と呼ばれる方も、選挙を経ればみそぎは終わったとお考えなのでしょうか。仮にそうした考えを一定認めたとしても、選挙を経ていない方は何もみそぎを済ませていないことになります。高市総理が官房副長官に任命した佐藤啓参議院議員は、旧安倍派で裏金問題に関与していますが、改選は三年後なので選挙の審判を受けていません。まさに高市総理の任命責任が問われます。
　そこで、総理に最初のお尋ねです。政治と金の問題を高市内閣ではどのように解決しようと考えていますか。加えて、選挙を経ていない裏金議員は内閣の要職に就く資格があるとお考えですか。
　裏金問題発覚後、該当の議員は政治資金収支報告書の修正をされたようです。それぞれの議員の事情があるとは思いますが、計上されていなかったそのお金を政治活動に使ったという証拠がないケースがほとんどではないですか。ということは、つまり裏金だったお金は使途不明金ということになり、雑所得として課税対象になるはずです。
　二つ目の質問です。該当の議員できちんと修正申告をして所得税等を支払った方はいるのでしょうか。いるとすれば、その人数をお答えいただきたい。
　政府による公文書改ざんも政治不信の原因の一つです。
　財務省は十月、学校法人森友学園への国有地売却に関する公文書について四回目の開示を行いました。この開示は、改ざんを強いられて自死した財務省近畿財務局の職員、赤木俊夫さんの妻である雅子さんの求めに応じたものです。
　公文書の改ざんは重大な犯罪であり、民主主義の根幹を大きく揺るがすものです。これまでに開示された文書から明らかとなったのは、政府による虚偽答弁が繰り返され、国権の最高機関である国会が愚弄されたこと、そして、真面目に働く現場の公務員が自死に追い込まれ、逆に改ざんを主導したキャリア官僚らは出世したという余りにも理不尽な事実です。
　質問三。なぜあのような土地の値下げが行われたのか。それが明るみに出たら、なぜ国民を欺くような文書の書換えが行われたのか。政府は第三者委員会を設置し、調査により真実を解明すべきだと考えますが、いかがでしょうか。三点、明確にお答えください。
　紙にして約十七万枚、それに加えて電子データも存在するこの膨大な関連文書について、石破内閣は四月から二か月ごとに約五万枚に及ぶ開示を行ってきました。
　そこで、質問四です。高市内閣でも、当初の方針どおり、来年四月を目途として開示を続ける方針に変わりはないという理解でよろしいでしょうか。
　遺族である赤木雅子さんは、当時の理財局長であった佐川氏を始めとする財務省幹部や近畿財務局長以下の財務局幹部職員らのメールを優先的に開示すべきだと主張しています。これまで政府は、御遺族の要望には誠実に応えると答弁してきました。
　質問五。高市内閣は、赤木雅子さんのこの要望に応えますか。
　次に、働き方と労働時間規制の問題について伺います。
　深刻な人手不足の時代です。少子高齢化が進み、生産年齢人口が減少する中で、いかに労働力を確保し、持続的な成長につなげるかが喫緊の課題となっています。そうした中、総理が労働時間の規制緩和を検討するよう指示されたとの報道がありました。
　これに対して、働く現場からは、規制緩和が労働者の過重負担や長時間労働の再拡大につながるのではないかと強い懸念の声が上がっています。日本労働組合総連合会、連合は、柔軟な働き方は現行制度でも可能と反対の態度を示しています。
　質問六。総理は、労働時間規制を緩めることが人手不足解消にどのような効果をもたらすと考えておられますか。その一方で、長時間労働や過労死防止との整合性をどのように確保されますか。
　長時間労働は、少子化傾向にもつながっています。明治安田生命の調査によると、ゼロ歳から六歳の子供を持つ男女のうち二人目を望むと答えた人の割合は三三・三％にとどまり、二〇一八年の調査開始以来、過去最低を記録しました。背景には、年齢的な不安、将来の収入面への不安、生活費が掛かるといった年齢、経済要因が挙げられています。
　私たちが注目するのは、ネガティブな回答をした人のうち約七割が経済的な状況などが改善すれば二人目を望めると答えている点です。中でも自身や配偶者の働き方が柔軟であれば望めるとの回答も目立ち、労働時間の柔軟性やワーク・ライフ・バランスが第二子を望むかどうかを左右している現実があります。
　そこで、お尋ねします。
　質問七。総理は、この二人目の壁の主な原因を経済的不安だけでなく働き方の硬直性だと捉えていますか。また、長時間労働の再拡大を招けば、出生率は更に下がると考えませんか。
　高市総理は所信表明で、強い経済と繰り返し訴えました。しかし、その強さとは、誰にとっての誰のための強さなのでしょうか。強い企業、強い財政、強い株価。そのいずれもが、この国に生きる人々の暮らしの実感を伴わなければ、数字の上だけの強さにすぎません。
　質問八。総理、強い経済で家計はどのように温まりますか。所得を増やすとおっしゃっていましたが、どのように実質賃金を上げますか。
　質問九。誰も取り残さない成長、つまり地域や小規模事業者も共に繁栄する経済を政府はどのように描いているのか、具体的にお示しください。
　今年のノーベル賞では、大阪大学の坂口志文先生が生理学・医学賞、京都大学の北川進先生が化学賞を受賞されました。誠におめでとうございます。そのお二人が受賞会見で共におっしゃったのは基礎研究の大切さでありました。時間の掛かる研究こそ、国の知の礎です。
　ところが、日本の研究現場では、その環境が失われつつあります。国立大学法人への運営費交付金は二〇〇四年度からの二十年間で約一三％、一千六百億円減少しました。これは、中堅・地方大学二十大学分に相当する配分額です。人件費や研究費が圧迫され、研究者の多くは安定した職を得られず、大学の現場からは、研究室の電気代を節約し、コピー用紙の購入すらためらうという苦しい声が聞こえます。大学は短期的成果ばかりを求められ、世界に挑戦する基礎研究が育ちにくくなっているのです。
　総理、防衛費は、五年で倍増どころか、更に前倒ししようとしています。それならば、知の安全保障として、大学への公的支援を回復させることも急務ではありませんか。教育はコストではなく、日本の未来への投資です。
　質問十。総理は、強い経済の基盤となるのは優れた科学技術力と言うのであれば、高等教育や基礎研究の予算を増やすつもりはありませんか。短期的成果に偏った競争的資金制度を見直し、十年単位で挑戦できる基礎研究支援枠を設けるお考えはありますか。
　今、全国の学校では持続不可能な教育現場という言葉が現実になりつつあります。
　文部科学省の調査によれば、一昨年度教員の時間外労働が月四十五時間を超えた割合が、特に中学校では四割以上で、過労死ラインの八十時間を超えた教員も一割近くに上ります。
　担任不在の学級、病休・産休欠員の未補充、臨時免許で支えられる教壇。こうした異常な状況がもはや例外ではなく、学校にとっての日常になっているのです。学校は社会の基盤です。今必要なのは、場当たり的な応急処置ではなく、教育制度の根本的な見直しです。
　質問十一。総理は、教職員不足の根本的な原因はどこにあるとお考えですか。また、教育の持続可能性を取り戻すために、制度の抜本的改革を行うお考えはありますか。明確な方針をお示しください。
　公教育はまさに危機的状況です。にわかに高校授業料無償化拡大の声が高まりつつありますが、この無償化に掛かる予算は五千億円とも六千億円とも言われます。
　質問十二。この予算は、これまでの教育予算内での付け替えなどではなく、他の教育政策に影響を与えることがないよう、新規予算、恒久財源で進めるべきだと考えます。総理の見解を伺います。
　今年は戦後八十年です。この節目に石破前総理によって発表された戦後八十年所感においては、なぜ日本は戦争を止められなかったのか、政治はいかなる役割を果たし、果たさなかったのかという国家の統治構造そのものに対する反省が示されました。この指摘は、単に過去の歴史を語るものではなく、民主主義の機能不全や異論を封じる政治文化への警鐘であります。
　質問十三。高市総理は、戦後八十年の節目に、石破前総理のこの所感をどのように受け止め、未来への政治理念としてどのように継承されるお考えですか。
　質問十四。そして、いまだ終わらぬ戦後補償もあります。平和の誓いを継承するために、戦争を止められなかった政治からの転換をするつもりであるなら、その具体をお示しください。
　松下幸之助氏は二十一世紀はアジアの時代になると予測し、アジアの繁栄を受けて立つリーダーを育成するために松下政経塾をつくられたと聞きました。野田佳彦元総理に続き、松下政経塾から二人目の総理となった高市総理の最初の外遊がマレーシアでのＡＳＥＡＮ関連首脳会議だったのも何かの御縁でしょうか。
　外交において経済や安全保障での協力はもちろん重要ですが、その大本にあるべきは、やはり相互尊重と対話であると考えます。
　質問十五。特にアジア諸国との関係において、経済援助や安全保障だけでなく、過去の歴史を真摯に共有し、相互信頼を醸成するための具体的方策を総理がお考えであればお示しください。また、経済安全保障の名の下に進むブロック化の流れの中で、日本がアジアの調和の軸として果たすべき役割をどのように構想されていますか。
　一方、国際社会は日本をどう見ているのでしょうか。私は、日本が国際条約を十分に尊重していないと批判を受けていることについて、時の総理にこれまで何度も問うてきました。日本は多くの国際条約を批准していますが、政府は批准した条約を誠実に履行しているとはとても言えないような状況となっています。
　例えば、女性差別撤廃委員会は、日本に対してジェンダー平等の実現に遅れがあると指摘し、女性の政治参加拡大や賃金格差是正など強く求めましたが、政府はその勧告に具体的な対応策を示さぬままです。日本はいまだに選択的夫婦別姓の導入を果たさず、ジェンダーギャップ指数も世界で下位に沈んでいます。
　また、朝鮮学校を高校無償化の対象から排除し続けていることは、人種差別撤廃条約及び社会権規約第十三条に反するとして、国連の複数の委員会から再三にわたり是正勧告を受けています。子どもの権利条約を批准し、教育の機会均等を掲げる日本が特定の民族学校を制度上から排除し続けることは、法の支配を説く国として恥ずべきことです。
　国内では依然として、部落差別、アイヌ差別、人種差別、障害者差別など多くの差別や排除が根強く残っており、近年はむしろ拡大している面もあるほどです。政府から独立した国内人権機関を一刻も早く設置すべきです。
　質問十六です。政府が国際人権機関からの勧告を軽視し続けるのは、国内問題と矮小化しているからではありませんか。勧告に法的拘束力はないなどという幼稚な言い訳をせずに、国際条約に基づく是正勧告を国内改革へと結び付ける具体策をどのように講じるのか、明確にお答えください。
　質問十七。高市総理が内閣を率いる今こそ、女性の地位向上などの是正勧告を直ちに受け入れるべきではありませんか。
　次に、再審法の見直しについて伺います。
　冤罪は国家による最大の人権侵害のうちの一つです。再審制度は冤罪被害者を救済し、国家の誤りを正す最後のとりででなければなりません。
　今年六月、立憲民主党は超党派の議連がまとめた案を基に、野党六党の共同で再審法改正案を提出しました。この法案の提出に、議連の中心メンバーであった自民党が加わらなかったことは誠に残念です。
　今、法制審議会で議論がなされていますが、全十四項目という多くの論点が提示されており、法制化までは長い時間を要することが明らかです。
　そこで、質問十八です。まずは、この臨時国会で特に冤罪被害者救済のために重要な四項目を定めた再審法改正案を成立させ、その後に残りの論点について法制審議会で丁寧に議論するべきではないでしょうか。総理の見解を伺います。
　北朝鮮による日本人拉致問題は、主権と人権の根幹を揺るがす国家犯罪であり、被害者御本人と御家族の尊厳を長年にわたって踏みにじってきた深刻な人権侵害であります。政府が認定する拉致被害者の親世代は、もはや横田早紀江さんしか御存命ではありません。そして、拉致被害者本人も高齢化しています。時間がないという切実な訴えに、政府として今こそ具体的な行動で応えるときです。
　高市総理は、拉致問題を最重要課題と位置付け、先日の日米首脳会談においてトランプ大統領に即時解決の協力を要請し、北朝鮮には首脳会談を求めているとのことです。しかし、全員、即時と掲げた目標について、具体的なロードマップが見えません。
　質問十九。政府として、全ての拉致被害者の即時帰国を実現するための具体的時期や交渉目標を設定されているのですか。また、アメリカの協力を得ながら、日本としてはどのようなアプローチを行うのでしょうか。
　今年は、例年に増して各地で熊の被害が深刻です。人や飼い犬などが命を奪われるような大きな被害が頻発し、死者は過去最高となりました。熊の生息地域の方々は、農作業のため畑に行くのも恐ろしく、学校に子供を送り出すことや、ごみ出し、犬の散歩に行くことすらおびえながらの日々だと言います。
　私は、二〇二三年の大量出没の折に環境委員会で当時の大臣に鳥獣保護法改正を何度も要望してきましたが、政府の動きは鈍く、ようやく今年、その改正がかないました。この改正により、日常生活圏に熊が出没した際に銃器を使用して捕獲等を行う緊急銃猟が可能となりました。
　しかし、熊出没の数を減らすためには抜本的な対策が必要であり、出没防止策の更なる徹底と関連予算の大幅な増額が必要です。また、猟友会の高齢化も進んでおり、ハンターの人手不足問題をこれまで何度も指摘してきました。
　質問二十。自治体にガバメントハンターなど専門職員を置く動きも見られますが、あかま国家公安委員長は、訓練を受けた警察官がライフル銃を使って熊を駆除できるようにしたいと会見でおっしゃいました。スピード感を持って実施していただきたいと思いますが、実施の時期についてどのようにお考えですか。また、熊の襲撃による死亡事案や大けがなどの被害者への補償や支援の在り方などを検討していますか。
　自由民主党と日本維新の会の連立合意書には、大規模災害やテロ、戦争などの国家的危機により国会が開けない場合、政府の権限を一時的に強くする緊急事態条項導入のために憲法改正を目指す旨の記載がありました。しかし、安全保障や危機管理が名目であっても、国民の自由を必要以上に制限することや、国会による監視や丁寧な議論を軽んじることはあってはなりません。
　衆議院の解散や任期満了により衆議院議員が存在しないときに発生した緊急事態に対しては、憲法五十四条で「内閣は、国に緊急の必要があるときは、参議院の緊急集会を求めることができる。」とされており、緊急事態に応じた個別法令も整備されています。新たな制度を追加する必要性は全くないと考えます。実際に参議院の憲法審査会では、自民党の委員も、緊急集会で対応可能であり、改憲の必要はないと主張し、反対していました。自民党内ですらまとまっていないのに、なぜ改憲を急ぐのでしょうか。
　政府に特別な権限を与えるだけでは、それは危機への備えではなく、民主主義を危うくする道にほかなりません。国家を守ることに名を借りて立憲主義を後退させることになりませんか。
　最後の質問二十一です。総理は憲法の役割をどのように捉えていますか。もし憲法を改めるとなれば、権力の濫用を防ぐ歯止めをどこに置くのか、自由と統制の境界をどう定めるのか。その原理原則を明確に示す必要があります。
　結びに一言申し上げます。
　地方では、人口の減少とともに、仕事が減り、公共交通が失われ、医療や教育を支える人がいなくなっています。都市部でも、非正規雇用や単身世帯の増加により、働いても働いても生活が安定しない人が増えています。生産性は上がっているのに実質賃金は上がらず、企業の内部留保は膨らんでいるのに家計の預貯金は減り続けています。このような現状に多くの人々が報われなさ、むなしさを感じていることを総理は分かっておられますか。
　このままでは、どれほど金融緩和を続け、成長戦略を積み上げても、家計には届きません。成長の果実は一部に集中し、労働者、地域、家庭は疲弊していく。国民の約六人に一人が相対的貧困の状態にあり、一人親世帯では二人に一人となっています。
　景気の指数や株価の推移だけでは測れない暮らしの痛みに政治は真摯に向き合うべきです。総理、どうか耳触りの良い評価や数字に酔うことなく、見過ごされがちな声、かすかな叫びにこそ真正面から応えていただきたい。総理の誠実な答弁を求め、質問を終わります。
　ありがとうございました。（拍手）
　　　〔内閣総理大臣高市早苗君登壇、拍手〕",121915254X00320251105_002,2,https://kokkai.ndl.go.jp/txt/121915254X00320251105/2,0,
,,2025-11-05,会議録,第3号,121915254X00320251105,https://kokkai.ndl.go.jp/txt/121915254X00320251105,参議院,本会議,,3,219,高市早苗,自由民主党・無所属の会,内閣総理大臣,,たかいちさなえ,"○内閣総理大臣（高市早苗君）　水岡俊一議員の御質問にお答えいたします。
　佐藤副長官の任命、不記載だった資金への課税についてのお尋ねがございました。
　まず、佐藤副長官が参議院本会議への登壇や参議院の議院運営委員会理事会への出席ができない状況となるなど、国会運営に混乱を来すことになったことにつきましては真摯におわびを申し上げます。
　その上で、佐藤副長官は若くて優秀な将来の日本を担うべき参議院議員だと思います。本人は不記載問題を深く反省し、様々な機会を通じ国民の皆様に対して説明してきたほか、再発防止に向けた環境、体制づくりにも取り組んでいます。こうした有為の人材には是非再起の機会をお与えいただき、与野党の先生方にお育ていただけますことをどうかお願いを申し上げます。
　現在、尾崎副長官が参議院本会議への登壇や参議院の議院運営委員会理事会に出席していますが、院の独立性もあり、是非、佐藤副長官の出席をお認めいただきたく、与野党の垣根を越えて先生方の御理解と御協力を賜りたく存じます。
　自民党としては、国民の皆様の信頼をいただけますよう、政治とお金の問題には厳しい姿勢で臨み、ルールを徹底的に遵守する自民党を確立してまいるとともに、国民の皆様のために誠心誠意働き、結果を出し続けていくよう取り組む決意でございます。
　次に、不記載だった資金への課税についてですが、旧派閥からの還付金等は実態として各議員の政治団体への寄附であったと承知しており、政治家個人の収入とされていた事例は党として把握しておりません。したがって、納税の要否という問題は生じないものと考えています。
　次に、森友学園事案についてお尋ねがございました。
　森友学園の国有地の処分については、校舎建設工事が進んでいる中で地下埋設物が発見され、開校遅延による損害賠償リスクがある中で、瑕疵担保免除特約を付すことも踏まえ、売買価格の算定が行われたと承知しております。
　また、財務省における決裁文書の改ざん等については、平成三十年の財務省の調査において、国会審議において森友学園案件が大きく取り上げられる中で、更なる質問につながり得る材料を極力少なくすることが主たる目的であったと認定され、既に関係者の処分が行われております。
　第三者による調査については、これまでに国会の要請に基づく会計検査に加え、検察当局の捜査が行われ、不起訴処分になったと承知しております。したがって、その後、新たな事実が判明していないため、改めて第三者による調査が必要とは考えておりません。
　御遺族からの開示請求につきましては、本年一月の大阪高裁判決を踏まえ、情報公開法七条に基づく公益開示を実施しており、まずは森友学園事案と関連がある主要な文書について、来年三月までを目途に開示していく方針を引き継いでまいります。
　こうした方針に沿って、財務省において現在、相当量の文書の開示作業を行っており、御遺族からの要望につきましては、その作業状況を見極めながら、財務省においてできる限りの対応をすべきだと考えております。
　自ら命を絶たれた赤木様の苦悩に思いを致し、御冥福をお祈り申し上げますとともに、御遺族の皆様に心よりお悔やみを申し上げます。
　労働時間規制についてお尋ねがございました。
　働き方改革関連法の施行から五年以上経過したことを踏まえ、現在、厚生労働省の審議会において議論が行われていると承知しております。
　労働時間規制については、人手不足で仕事があるのに受注できないといった御意見や、月百時間の残業は過労死認定ラインであり変更すべきではないといった意見など、様々な意見があると承知をしています。残業代が減ったことによって、生活費を稼ぐために無理をして慣れない副業をすることで健康を損ねる方が出ることも私自身は心配をしています。
　今般、私から厚生労働大臣など関係大臣に対しては、心身の健康維持と従業者の選択を前提にした労働時間規制の緩和の検討を行うことについて指示したところです。様々な御意見をお伺いしつつ、働き方の実態とニーズを踏まえ、検討を深めていくべきものと考えています。
　また、少子化の克服には、働きながら子育てしやすい環境の整備が重要でございます。こども未来戦略の加速化プランに基づき、長時間労働の是正や育児期を通じた柔軟な働き方の推進を含む、共働き、共育ての推進に取り組んでまいります。
　強い経済、所得の増加及び地域や小規模事業者も繁栄する経済についてお尋ねがございました。
　高市内閣では、責任ある積極財政の考え方の下、戦略的に財政出動することにより、所得を増やし、消費マインドを改善し、事業収益が上がる好循環を実現することにより、国民の皆様に景気回復の果実を実感していただき、不安を希望に変える強い経済をつくってまいります。
　物価上昇を上回る賃上げを実現するため、事業者が継続的に賃上げできる環境を整えることが政府の役割です。このため、生産性向上支援、事業承継やＭアンドＡの環境整備、更なる取引の適正化等の関連する施策を総動員して、賃上げに取り組む中小企業・小規模事業者を強力に後押ししてまいります。
　また、自治体向けの重点支援地方交付金を拡充し、賃上げ税制を活用できない赤字の中小企業・小規模事業者を支援する推奨メニューを設けることも検討してまいります。
　基礎研究への支援についてお尋ねがございました。
　強い経済の基盤となる優れた科学技術力の確保のためには、基礎研究を長期的に支える環境の構築が極めて重要と考えております。このため、政府におきましては、大学における教育研究活動を安定的、継続的に支える基盤的経費の着実な確保に取り組んでおります。運営費交付金のお話もございましたが、私自身も担当大臣だったときに、この増額に向けた取組を進めたところでございます。競争的研究費につきましては、最長十年の安定した研究資金の提供による挑戦的な研究支援も行っています。
　こうした施策を通じて、基礎研究を含め、我が国の研究開発力の抜本的な強化に努めてまいります。
　教師不足についてお尋ねがございました。
　現在の教師不足は、大量の定年退職や、また大量採用を背景とした産休・育休取得者の増加等により臨時講師の採用が増加する一方、正規採用数の大幅な増加等により、臨時講師のなり手であった既卒者が減少していることが要因であると認識しております。
　教師不足は改善するべき課題であり、教師の魅力を高める観点から、業務の仕分を行った学校と教師の業務の三分類を基に、教育委員会による学校の業務量管理を徹底してまいります。また、入職の幅を拡大し、多様な専門性を有する教師を確保するという観点から、教職課程において共通で学ぶ内容の厳選と採用後の研修の充実、また、大学院における社会人の教員免許取得制度の創設に向けた議論を進め、関係法令の見直しなどに取り組んでまいります。
　高校授業料無償化の財源についてお尋ねがありました。
　いわゆる高校無償化については、先般の日本維新の会、公明党、自民党による合意において、新たに恒久的かつ安定的な財源が必要であり、既存の教育財源を原資とすることなく、財源確保と制度改正とを一体的に実施するということとされております。
　政府としましては、この合意を踏まえまして、安定財源を確保しつつ、令和八年度からの実施に向けて制度設計を進めてまいります。
　いわゆる戦後八十年所感及び戦後補償についてお尋ねがございました。
　お尋ねの内閣総理大臣所感は閣議決定を経ておらず、石破前内閣総理大臣が内閣総理大臣として御自身の考えを述べられたものであると承知していることから、お答えすることは差し控えます。
　なお、政府としては、これまでも一般戦災者に対して、一般の社会保障施策の充実などを図る中でその福祉の向上に努めてきています。
　その上で、現在、我が国が戦後最も厳しく複雑な安全保障環境に直面する中で、危機を未然に防ぎ、平和で安定した国際環境を能動的に創出することが必要です。そのために、力強い外交を展開していくと同時に、その裏付けとなる防衛力の抜本的強化を実現し、抑止力、対処力を高めてまいります。
　アジア諸国との関係構築と日本が果たすべき役割についてお尋ねがありました。
　御指摘のとおり、アジア諸国との関係においては、歴史を真摯に受け止めることは重要です。なお、私自身は、各国を訪問した際に相手国の慰霊施設に参拝することを大切にしてまいりました。
　現在、この地域においては、ＡＳＥＡＮが地域協力の中心としての役割を担い、東アジア・サミットを始めとして、多層的な地域協力の枠組みが生まれております。我が国としては、引き続き、こうした枠組みに積極的に参画し、その強化に取り組みます。また、自由で開かれたインド太平洋の実現のためにも、アジア諸国を始め、幅広いパートナーとの連携の強化に全力で取り組んでまいります。
　人権諸条約の委員会による勧告についてお尋ねがございました。
　人権諸条約の委員会による勧告に関し、我が国としては、関係省庁において勧告の内容を十分に検討することとしております。勧告に法的拘束力がないからといって軽視しているということは全くございません。
　人権擁護は全ての国の基本的な責務であり、我が国としては、今後とも、女性の地位向上に向けた取組を含め、締結している国際人権諸条約を誠実に遵守してまいります。
　再審制度の改正についてお尋ねがございました。
　再審制度の改正は、基本法である刑事訴訟法の改正に関わるものであり、刑事裁判実務に非常に大きな影響を及ぼすものです。
　現在、法制審議会において精力的に議論が進められていますが、政府として責任を持って迅速に検討を進めてまいります。
　拉致問題についてお尋ねがございました。
　拉致被害者やその御家族も御高齢となる中で、人命に関わる拉致問題は、一刻も早く解決しなければならない人道問題であり、国家主権の侵害でもあり、高市内閣の最重要課題です。
　先般の日米首脳会談において、トランプ大統領に対し、拉致問題の即時解決について理解と協力を求め、全面的な支持を得ました。
　ただ、拉致問題の解決のためには、国際社会への働きかけと同時に、我が国が主体的に行動することが重要でございます。全ての拉致被害者の一日も早い御帰国を実現すべく、私自らが先頭に立って、様々な状況に応じて果敢に行動することで具体的な成果に結び付けたいと考えております。あらゆる選択肢を排除せず、私の代で何としても突破口を開き、拉致問題を解決したいとの決意でおります。
　熊による被害対策についてお尋ねがございました。
　政府は、十月三十日にクマ被害対策等に関する関係閣僚会議を開催し、議長である木原官房長官から、追加的、緊急的な対策のパッケージを今月中旬までに取りまとめ、実効性の高い対策を着実かつ段階的に実行することを指示しました。これを受け、具体的な施策として、例えば、警察官によるライフル銃を使用した熊の駆除について早急に対応していくこととしております。
　熊の襲撃による被害者の方々への支援については、他の野生生物被害との比較、均衡といった面で検討が必要であると認識をしております。
　いずれにしましても、この対策パッケージの取りまとめを待たずに、スピード感を持って必要な施策を順次実行に移し、熊による被害の拡大の防止、さらには国民の皆様の安全、安心を確保してまいります。
　憲法改正についてお尋ねがございました。
　憲法改正については、内閣総理大臣としては、憲法審査会における党派を超えた建設的な議論が加速するとともに、国民の皆様の間での積極的な議論が深まっていくことを期待しています。
　その上で、自民党総裁として申し上げれば、憲法はあるべき国の形を示す国家の基本法であると認識をしています。時代の要請に応えられる憲法を制定することは、喫緊の課題だと考えています。
　今後、これまで行ってきた論点整理や議論の蓄積を踏まえていくことはもとより、議員お尋ねの点も含めて、各会派の協力も得ながら改正案を発議し、少しでも早く憲法改正の賛否を問う国民投票が行われる環境をつくっていけるよう、粘り強く取り組んでいく覚悟でございます。
　以上です。ありがとうございました。（拍手）
　　　　─────────────",121915254X00320251105_003,3,https://kokkai.ndl.go.jp/txt/121915254X00320251105/3,0,
